{"$schema":"http://schema.management.azure.com/schemas/2015-01-01/deploymentTemplate.json#","contentVersion":"1.0.0.0","parameters":{"factoryName":{"type":"string","metadata":"Data Factory name"},"adls2_sdudsynapseadls2":{"type":"string"}},"variables":{"factoryId":"[concat('Microsoft.DataFactory/factories/', parameters('factoryName'))]"},"resources":[{"name":"[concat(parameters('factoryName'), '/copyZIP_FAERS')]","type":"Microsoft.DataFactory/factories/pipelines","apiVersion":"2018-06-01","properties":{"description":"2021-06-24\n","activities":[{"name":"Get Metadata1","type":"GetMetadata","dependsOn":[],"policy":{"timeout":"7.00:00:00","retry":0,"retryIntervalInSeconds":30,"secureOutput":false,"secureInput":false},"userProperties":[],"typeProperties":{"dataset":{"referenceName":"Binary1_FAERS","type":"DatasetReference","parameters":{"filename":"*.zip"}},"fieldList":["childItems"],"storeSettings":{"type":"AzureBlobFSReadSettings","recursive":true,"enablePartitionDiscovery":false},"formatSettings":{"type":"BinaryReadSettings"}}},{"name":"ForEach1","type":"ForEach","dependsOn":[{"activity":"Get Metadata1","dependencyConditions":["Succeeded"]}],"userProperties":[],"typeProperties":{"items":{"value":"@activity('Get Metadata1').output.childItems","type":"Expression"},"activities":[{"name":"Copy data1","type":"Copy","dependsOn":[],"policy":{"timeout":"7.00:00:00","retry":0,"retryIntervalInSeconds":30,"secureOutput":false,"secureInput":false},"userProperties":[],"typeProperties":{"source":{"type":"BinarySource","storeSettings":{"type":"AzureBlobFSReadSettings","recursive":true,"deleteFilesAfterCompletion":false},"formatSettings":{"type":"BinaryReadSettings","compressionProperties":{"type":"ZipDeflateReadSettings","preserveZipFileNameAsFolder":false}}},"sink":{"type":"BinarySink","storeSettings":{"type":"AzureBlobFSWriteSettings","copyBehavior":"PreserveHierarchy"}},"enableStaging":false},"inputs":[{"referenceName":"Binary1_FAERS","type":"DatasetReference","parameters":{"filename":"@item().name"}}],"outputs":[{"referenceName":"Binary2_FAERS","type":"DatasetReference","parameters":{}}]}]}}],"policy":{"elapsedTimeMetric":{},"cancelAfter":{}},"annotations":[],"lastPublishTime":"2021-09-18T00:07:12Z"},"dependsOn":["[concat(variables('factoryId'), '/datasets/Binary1_FAERS')]","[concat(variables('factoryId'), '/datasets/Binary2_FAERS')]"]},{"name":"[concat(parameters('factoryName'), '/Binary1_FAERS')]","type":"Microsoft.DataFactory/factories/datasets","apiVersion":"2018-06-01","properties":{"linkedServiceName":{"referenceName":"[parameters('adls2_sdudsynapseadls2')]","type":"LinkedServiceReference"},"parameters":{"filename":{"type":"string"}},"annotations":[],"type":"Binary","typeProperties":{"location":{"type":"AzureBlobFSLocation","fileName":{"value":"@dataset().fileName","type":"Expression"},"folderPath":"FAERS_v3","fileSystem":"sdudsynapsefilesystem"},"compression":{"type":"ZipDeflate","level":"Optimal"}}},"dependsOn":[]},{"name":"[concat(parameters('factoryName'), '/Binary2_FAERS')]","type":"Microsoft.DataFactory/factories/datasets","apiVersion":"2018-06-01","properties":{"linkedServiceName":{"referenceName":"[parameters('adls2_sdudsynapseadls2')]","type":"LinkedServiceReference"},"annotations":[],"type":"Binary","typeProperties":{"location":{"type":"AzureBlobFSLocation","folderPath":"FAERS_Output_v3","fileSystem":"sdudsynapsefilesystem"}}},"dependsOn":[]}]}